Name,Tier,Color,Games Played,Wins,Losses,Win Rate,Conservative Rating,Mean,StdDev,Turns to Win,Turns to Lose
J22 Fangs 1,S,B,2688,1761,927,0.6551339285714286,10.527988188732012,13.451053381003357,0.9743550640904481,18.92333901192504,18.485436893203882
J22 Merfolk 2,S,U,2637,1720,917,0.6522563519150549,7.789706151137752,10.658318311803185,0.9562040535551447,17.712790697674418,18.920392584514723
J22 Holy 2,S,W,2763,1789,974,0.6474846181686572,9.152512794722622,12.044813743027918,0.9641003161017655,19.151481274455,19.417864476386036
J22 Fangs 3,S,B,2709,1733,976,0.639719453672942,5.324230181170556,8.161576858510639,0.9457822257800275,19.151759953837278,19.30327868852459
J22 Fangs 2,S,B,2691,1718,973,0.6384243775548123,8.835743035885628,11.723149956356668,0.9624689734903467,19.144935972060537,18.817060637204523
J22 Fangs 4,S,B,2711,1707,1004,0.6296569531538178,7.079034134837496,9.923452573329405,0.9481394794973029,19.025190392501464,18.96812749003984
J22 Constellation 1,S,W,2701,1692,1009,0.6264346538319141,6.994802567584447,9.830268184474527,0.9451552056300265,18.539598108747043,19.647175421209116
J22 Holy 3,S,W,2712,1659,1053,0.6117256637168141,6.840982862054239,9.69094340991346,0.9499868492864071,20.059071729957807,19.666666666666668
J22 Inventive 1,S,U,2651,1599,1052,0.6031686156167484,7.673414270413307,10.512896941526725,0.9464942237044726,18.92620387742339,19.24144486692015
J22 Holy 4,A,W,2721,1626,1095,0.597574421168688,5.5979137098980205,8.433030352217685,0.9450388807732215,20.77921279212792,21.07123287671233
J22 Inventive 3,A,U,2818,1677,1141,0.5951029098651526,7.0382398797419095,9.871900495372692,0.9445535385435944,19.369707811568276,18.704645048203332
J22 Merfolk 4,A,U,2773,1629,1144,0.5874504147133068,5.928204974326224,8.768697836030798,0.9468309539015247,17.756906077348066,18.512237762237763
J22 Constellation 2,A,W,2735,1606,1129,0.5872029250457038,6.870643049688569,9.714154621571865,0.9478371906277652,18.79701120797011,19.031886625332152
J22 Inventive 2,A,U,2693,1558,1135,0.5785369476420349,7.601632744664919,10.446438279571712,0.9482685116355977,19.34916559691913,19.397356828193832
J22 Merfolk 1,A,U,2765,1595,1170,0.5768535262206148,6.338690419417468,9.170834137776325,0.9440479061196189,17.482758620689655,18.40940170940171
J22 Zombies 4,A,B,2705,1553,1152,0.5741219963031423,6.014186872916265,8.8456752329764,0.9438294533533786,19.1809401159047,19.028645833333332
J22 Blink 1,A,W,2725,1564,1161,0.5739449541284404,7.105426343515587,9.975008340773057,0.9565273324191564,21.31841432225064,20.697674418604652
J22 Demons 1,A,B,2624,1492,1132,0.5685975609756098,6.370419089628799,9.202997836555381,0.9441929156421941,19.297587131367294,19.65017667844523
J22 Boneyard 2,A,B,2774,1576,1198,0.5681326604181687,6.770565573563126,9.607686261228435,0.9457068958884364,19.35279187817259,19.68363939899833
J22 Dragons 2,A,R,2688,1525,1163,0.5673363095238095,5.58567356376805,8.414502321851018,0.9429429193609892,18.62032786885246,18.78847807394669
J22 Cats 1,A,W,2766,1567,1199,0.5665220535068691,5.975989568382097,8.81889076503797,0.9476337322186242,19.213146139119335,20.438698915763137
J22 Merfolk 3,A,U,2665,1506,1159,0.5651031894934334,6.791631779865189,9.63811784603215,0.9488286887223204,17.617529880478088,18.746333045729077
J22 Knights,A,W,2738,1542,1196,0.5631848064280497,4.612645236531402,7.437316479616961,0.9415570810285196,19.61284046692607,18.67391304347826
J22 Ferocious 4,A,G,2725,1534,1191,0.5629357798165138,6.081967008706956,8.915164260342822,0.9443990838786219,18.583441981747068,18.354324097397146
J22 Rats,A,B,2704,1520,1184,0.5621301775147929,4.727625549505052,7.5721306098640895,0.9481683534530125,19.785526315789475,19.61993243243243
J22 Gigantic 2,A,G,2590,1449,1141,0.5594594594594594,6.354441255476018,9.18116316115342,0.9422406352258005,19.775017253278122,19.21034180543383
J22 Blink 3,A,W,2789,1533,1256,0.5496593761204733,5.431752560841684,8.23834479532917,0.9355307448291619,21.0880626223092,19.81528662420382
J22 Demons 2,B,B,2718,1481,1237,0.5448859455481972,5.4164445213241565,8.250245398909998,0.9446002925286139,18.118838622552328,18.888439773645917
J22 Wolves 4,B,G,2681,1458,1223,0.5438269302499068,5.843039706938008,8.674030816195016,0.9436637030856693,19.53909465020576,19.532297628781684
J22 Gross 1,B,B,2725,1481,1244,0.5434862385321101,5.8327045694325355,8.66424815703556,0.9438478625343416,19.73936529372046,19.586012861736336
J22 Spirits 1,B,W,2770,1505,1265,0.5433212996389891,4.556736024511584,7.399701784692279,0.9476552533935649,20.162790697674417,20.727272727272727
J22 Dragons 1,B,R,2694,1463,1231,0.5430586488492948,6.809515381836013,9.651800371432902,0.9474283298656297,18.24265208475735,18.861900893582455
J22 Zombies 3,B,B,2731,1478,1253,0.5411937019406811,5.390942808947502,8.218115082560209,0.9423907578709022,20.40933694181326,19.421388667198723
J22 Blink 2,B,W,2765,1496,1269,0.5410488245931284,5.7763873438211,8.623019516207782,0.9488773907955604,21.046791443850267,20.03230890464933
J22 Ferocious 2,B,G,2775,1500,1275,0.5405405405405406,6.148807173677844,8.98914795253627,0.946780259619475,17.786,18.826666666666668
J22 Zombies 2,B,B,2760,1491,1269,0.5402173913043479,5.146385426331476,7.9834365485318415,0.9456837074001218,20.0,19.940898345153663
J22 Cats 4,B,W,2653,1428,1225,0.5382585751978892,4.834472865686322,7.6594515216944865,0.9416595520027216,18.58263305322129,20.285714285714285
J22 Gross 4,B,B,2789,1497,1292,0.5367515238436715,4.088281724169426,6.925018581690903,0.945578952507159,20.744822979291918,20.359907120743035
J22 Treasure 1,B,R,2683,1439,1244,0.5363399180022363,5.245258181819192,8.07248080155081,0.9424075399105392,17.911049339819318,19.226688102893892
J22 Gigantic 1,B,G,2697,1442,1255,0.5346681497960697,6.073475102398559,8.888246911210608,0.9382572696040163,18.968099861303745,19.289243027888446
J22 Ferocious 1,B,G,2749,1466,1283,0.5332848308475809,4.458114006549957,7.286560129674209,0.9428153743747507,18.083219645293315,18.37957911145752
J22 Blink 4,B,W,2747,1461,1286,0.5318529304696032,4.408319444947199,7.234024854787069,0.9419018032799569,21.086242299794662,19.795489891135304
J22 Raid 4,B,R,2694,1422,1272,0.5278396436525612,5.7059465039506065,8.538559845456142,0.9442044471685119,18.032348804500703,18.849056603773583
J22 Vehicles,B,W,2766,1453,1313,0.5253073029645697,5.424405464368414,8.247240727246755,0.9409450876261135,18.673090158293185,19.068545316070068
J22 Treasure 2,B,R,2697,1415,1282,0.5246570263255469,4.645834348987947,7.473707258879745,0.9426243032972662,18.83321554770318,20.157566302652107
J22 Fiery 1,B,R,2642,1381,1261,0.5227100681302044,5.5849728252873465,8.402925792636593,0.939317655783082,19.321506154960172,19.947660586835845
J22 Wolves 1,B,G,2701,1411,1290,0.5223991114402073,4.833613774455081,7.668042179239079,0.9448094682613329,19.519489723600284,19.928682170542636
J22 Multi-Headed 2,B,G,2715,1418,1297,0.5222836095764273,6.380163688675051,9.205025612989239,0.9416206414380627,17.815232722143865,18.17887432536623
J22 Gross 3,B,B,2629,1361,1268,0.5176873335869152,4.867710443590795,7.696850941040519,0.9430468324832413,20.767083027185894,20.40851735015773
J22 Cats 3,B,W,2671,1377,1294,0.515537251965556,4.055514109242139,6.878278761002159,0.9409215505866733,19.99782135076253,20.7774343122102
J22 Cruel 1,B,B,2734,1408,1326,0.514996342355523,5.6614079484892255,8.502680798746018,0.9470909500855978,18.789772727272727,18.729260935143287
J22 Raid 1,B,R,2739,1408,1331,0.5140562248995983,3.710291739212424,6.536978748946557,0.9422290032447109,17.577414772727273,19.018031555221636
J22 Inventive 4,B,U,2701,1386,1315,0.513143280266568,4.677240134150097,7.499686344026593,0.9408154032921653,19.61976911976912,19.457034220532318
J22 Goblins 1,B,R,2785,1429,1356,0.5131059245960503,4.523861704287537,7.354978617493254,0.9437056377352389,18.52624212736179,18.8141592920354
J22 Morbid 1,B,B,2725,1396,1329,0.5122935779816514,4.803055141122158,7.639291958657791,0.9454122725118779,20.22063037249284,19.973664409330322
J22 Ferocious 3,B,G,2796,1420,1376,0.5078683834048641,3.4283006562098435,6.258664559054868,0.9434546342816748,18.74225352112676,19.303052325581394
J22 Morbid 2,B,B,2717,1376,1341,0.5064409274935591,4.488191006449233,7.321188999580041,0.9443326643769362,20.13953488372093,19.574198359433257
J22 Treasure 3,B,R,2664,1348,1316,0.506006006006006,3.8833330479056323,6.7135665291192,0.9434111604045227,18.461424332344215,19.132218844984802
J22 Insects 3,B,G,2715,1372,1343,0.505340699815838,3.768186983520812,6.598376255741722,0.9433964240736367,19.25655976676385,20.572598659717052
J22 Holy 1,B,W,2806,1414,1392,0.5039201710620099,4.5622093157428845,7.390930307910242,0.9429069973891193,19.74893917963225,18.947557471264368
J22 Zombies 1,B,B,2774,1390,1384,0.5010814708002884,5.647544740252267,8.477647371417332,0.9433675437216882,19.76043165467626,19.873554913294797
J22 Elves 3,B,G,2723,1358,1365,0.4987146529562982,4.993173259455528,7.808899766986191,0.938575502510221,20.427835051546392,19.247619047619047
J22 Spirits 2,B,W,2672,1332,1340,0.49850299401197606,4.144582622868299,6.971253647615242,0.942223674915648,21.53153153153153,20.85373134328358
J22 Wolves 2,B,G,2673,1330,1343,0.49756827534605313,2.9990010511461422,5.82503132246644,0.9420100904400993,19.248872180451126,19.121370067014148
J22 Shapeshifters,C,U,2708,1337,1371,0.49372230428360414,4.410397808075647,7.231834280542868,0.9404788241557405,20.495138369483918,19.781181619256017
J22 Urza's,C,C,2675,1315,1360,0.491588785046729,4.903706918568165,7.736403268990448,0.9442321168074275,21.343726235741446,19.76544117647059
J22 Goblins 4,C,R,2797,1359,1438,0.4858777261351448,4.022930829206684,6.8406695986151504,0.9392462564694888,17.25680647534952,18.973574408901253
J22 Law 1,C,W,2722,1320,1402,0.4849375459221161,5.655869270031628,8.488872743542421,0.9443344911702641,21.191666666666666,20.411554921540656
J22 Boneyard 1,C,B,2730,1323,1407,0.4846153846153846,4.527648865478795,7.365510665624135,0.9459539333817799,20.6583522297808,19.592750533049042
J22 Elves 2,C,G,2592,1255,1337,0.4841820987654321,4.692719026302523,7.502955481207914,0.9367454849684635,19.42390438247012,19.919222139117426
J22 Cats 2,C,W,2705,1307,1398,0.48317929759704253,3.6251825607526316,6.450715393199783,0.9418442774823838,19.537107880642694,20.120886981402002
J22 Elves 1,C,G,2649,1275,1374,0.4813137032842582,4.280093283254163,7.112345005950413,0.9440839075654166,18.899607843137254,20.16957787481805
J22 Raid 3,C,R,2750,1320,1430,0.48,4.2883981779268705,7.113543165027402,0.9417149957001774,18.899242424242424,19.195804195804197
J22 Experimental 1,C,R,2683,1281,1402,0.4774506149832277,5.953201165701904,8.794280631005359,0.947026488434485,19.349726775956285,19.89087018544936
J22 Elves 4,C,G,2763,1312,1451,0.47484618168657255,4.816171209805629,7.6588589910737115,0.9475625937560276,19.485518292682926,19.546519641626464
J22 Detective 3,C,U,2708,1281,1427,0.47304283604135894,3.3373607477942917,6.174234501524604,0.9456245845767709,19.73614363778298,19.36229852838122
J22 Fiery 2,C,R,2786,1310,1476,0.47020818377602297,3.2837579685290894,6.105161812332252,0.9404679479343876,19.97328244274809,20.23509485094851
J22 Go to School 1,C,U,2672,1255,1417,0.46968562874251496,4.916400921053287,7.732295469404025,0.9386315161169125,21.219920318725098,21.570924488355683
J22 Raid 2,C,R,2679,1246,1433,0.46509891750653226,4.11051451664903,6.9491882323954455,0.9462245719154722,19.179775280898877,20.07327285415213
J22 Landfall 1,C,G,2772,1287,1485,0.4642857142857143,5.046951118804945,7.87627655760811,0.9431084796010548,19.669774669774668,18.50976430976431
J22 Cruel 4,C,B,2723,1258,1465,0.46199045170767533,2.8626555464020123,5.708214985406447,0.9485198130014783,19.27027027027027,18.98703071672355
J22 Go to School 2,C,U,2661,1226,1435,0.46072904922961294,4.080914307970238,6.906389668009117,0.9418251200129599,20.49836867862969,21.25993031358885
J22 Teamwork 1,C,W,2682,1234,1448,0.4601043997017151,3.8403372544670935,6.6664088178906145,0.942023854474507,19.63776337115073,19.73135359116022
J22 Gross 2,C,B,2814,1291,1523,0.4587775408670931,3.608718870759974,6.441299544319739,0.9441935578532552,19.90085205267235,20.29284307288247
J22 Think Again 3,C,U,2685,1231,1454,0.4584729981378026,3.547233821808364,6.378661579039989,0.9438092524105419,20.428107229894394,19.613480055020634
J22 Law 2,C,W,2703,1236,1467,0.4572697003329634,3.255336115966135,6.107377864986955,0.9506805830069398,20.558252427184467,19.593047034764826
J22 Primates,C,G,2722,1244,1478,0.4570168993387215,3.2270964154475807,6.057382299382877,0.9434286279784322,19.969453376205788,18.848443843031124
J22 Spicy,C,R,2643,1206,1437,0.45629965947786605,3.9066099265131964,6.734025189258659,0.9424717542484877,17.75207296849088,17.81141266527488
J22 Treasure 4,C,R,2636,1200,1436,0.4552352048558422,4.643255677464583,7.476035533727719,0.9442599520877122,20.075833333333332,20.444986072423397
J22 Multi-Headed 1,C,G,2675,1217,1458,0.4549532710280374,3.0300141799356513,5.864085009948799,0.9446902766710493,19.13557929334429,18.609053497942387
J22 Insects 1,C,G,2752,1230,1522,0.44694767441860467,4.421771540490511,7.247455436163391,0.9418946318909603,19.444715447154472,19.921813403416557
J22 Scrying 2,C,U,2694,1202,1492,0.4461766889383816,2.2677132178854382,5.120862316418068,0.9510496995108767,20.792013311148086,20.986595174262735
J22 Think Again 2,C,U,2634,1174,1460,0.44570994684889903,2.8766525580367808,5.7150433772505,0.9461302730712396,19.998296422487222,19.53767123287671
J22 Scrying 1,D,U,2731,1201,1530,0.43976565360673747,3.0070521142851807,5.832596859048177,0.9418482482543321,21.115736885928392,20.161437908496733
J22 Fiery 4,D,R,2717,1193,1524,0.43908722856091276,3.7578957024300585,6.59251351750856,0.9448726050261671,19.669740150880134,19.879265091863516
J22 Law 4,D,W,2680,1174,1506,0.4380597014925373,2.7253003541594265,5.562200272941655,0.9456333062607428,21.485519591141397,21.355909694555113
J22 Think Again 4,D,U,2716,1189,1527,0.4377761413843888,3.321068114114185,6.134552909051494,0.937828264979103,19.809924306139614,18.308447937131632
J22 Eldrazi,D,G,2742,1199,1543,0.43727206418672504,2.951008622236517,5.793245638821221,0.947412338861568,21.1092577147623,19.517822423849644
J22 Think Again 1,D,U,2720,1184,1536,0.43529411764705883,4.0501956347809465,6.8877184120243315,0.9458409257477951,20.2339527027027,19.25390625
J22 Landfall 2,D,G,2645,1149,1496,0.43440453686200375,3.0506210251859995,5.881896976911973,0.9437586505753244,19.296779808529156,18.237299465240643
J22 Unlucky Thirteen,D,B,2691,1168,1523,0.43403939056112967,2.5662481319734813,5.417235728527315,0.9503291988512778,19.830479452054796,19.411687458962575
J22 Cruel 2,D,B,2662,1151,1511,0.432381667918858,2.873462224189497,5.707276844482643,0.9446048734310486,19.132927888792356,18.536068828590338
J22 Fiery 3,D,R,2750,1188,1562,0.432,3.655583210365072,6.481363162753758,0.9419266507962287,19.817340067340066,19.64596670934699
J22 Goblins 2,D,R,2760,1187,1573,0.4300724637681159,3.143106954250232,5.964610510401533,0.9405011853837669,18.028643639427127,19.372536554354735
J22 Insects 4,D,G,2704,1157,1547,0.42788461538461536,2.5501668173892327,5.396298846807386,0.9487106764727178,19.370786516853933,19.482223658694245
J22 Experimental 2,D,R,2761,1181,1580,0.427743571169866,3.84945317724215,6.683671024228023,0.9447392823286243,20.121930567315832,19.729746835443038
J22 Detective 1,D,U,2679,1137,1542,0.4244120940649496,2.5000301712744832,5.347346639340659,0.9491054893553919,20.408970976253297,19.34046692607004
J22 Teamwork 2,D,W,2787,1174,1613,0.4212414782920703,3.2841407087178887,6.10804743208386,0.9413022411219905,20.159284497444634,19.888406695598263
J22 Insects 2,D,G,2695,1129,1566,0.4189239332096475,2.988612228929963,5.830473033481768,0.9472869348506017,20.190434012400356,20.213282247765008
J22 Speedy,D,R,2705,1133,1572,0.4188539741219963,2.8025157349277086,5.640989466531099,0.9461579105344635,17.49514563106796,18.161577608142494
J22 Wolves 3,D,G,2742,1145,1597,0.4175784099197666,3.1729577138299896,6.003047594662168,0.9433632936107261,19.544978165938865,19.736380713838447
J22 Cycling 1,D,R,2770,1144,1626,0.41299638989169674,2.4261495588951556,5.267180381930518,0.9470102743451208,19.850524475524477,18.9920049200492
J22 Snow,D,U,2799,1154,1645,0.4122901036084316,1.7635006636467878,4.620605007469978,0.95236811460773,20.913344887348355,19.39209726443769
J22 Cruel 3,D,B,2600,1062,1538,0.4084615384615385,2.2684292589184385,5.110023085185619,0.9471979420890603,19.76553672316384,18.604681404421328
J22 Goblins 3,D,R,2788,1133,1655,0.4063845050215208,1.8267243415400678,4.678705480715734,0.950660379725222,18.80406001765225,18.570392749244714
J22 Faeries 1,E,U,2680,1030,1650,0.3843283582089552,3.5180399577919865,6.361618657583277,0.9478595665970967,19.933009708737863,18.732727272727274
J22 Law 3,E,W,2699,1034,1665,0.3831048536494998,2.090439714018516,4.9604047277582275,0.9566550045799039,21.06382978723404,19.84024024024024
J22 Detective 2,E,U,2717,998,1719,0.3673168936326831,0.4161031685416563,3.302586040213161,0.962160957223835,19.706412825651302,19.080279232111693
J22 Faeries 2,E,U,2793,966,1827,0.3458646616541353,1.3058637497921657,4.170200969302183,0.9547790731700057,19.848861283643892,18.85385878489327
J22 Detective 4,E,U,2767,951,1816,0.3436935308998916,0.15921160359899345,3.051353427333742,0.9640472745782495,20.339642481598318,20.00770925110132
J22 Cycling 2,E,R,2688,906,1782,0.33705357142857145,0.0,2.8896313973474452,0.9632104657824817,21.339955849889623,20.34287317620651
